TIME,OPEN,HIGH,LOW,CLOSE,TICKVOL,SPREAD,VOLUME
2025-06-10 23:00:00,21939.25,21939.25,21910.95,21920.75,447,100,0
2025-06-10 23:01:00,21920.05,21929.95,21917.0,21927.3,412,100,0
2025-06-10 23:02:00,21927.45,21927.45,21917.6,21919.65,356,100,0
2025-06-10 23:03:00,21919.25,21925.4,21918.5,21918.65,339,100,0
2025-06-10 23:04:00,21918.65,21925.1,21918.4,21921.1,332,100,0
2025-06-10 23:05:00,21920.4,21923.2,21915.8,21919.5,305,100,0
2025-06-10 23:06:00,21919.5,21920.55,21912.95,21915.0,290,105,0
2025-06-10 23:07:00,21915.0,21918.55,21913.35,21918.55,277,100,0
2025-06-10 23:08:00,21918.55,21920.75,21917.05,21918.25,213,100,0
2025-06-10 23:09:00,21918.3,21921.4,21917.05,21919.55,198,100,0
2025-06-10 23:10:00,21919.75,21920.05,21913.7,21913.85,229,100,0
2025-06-10 23:11:00,21914.05,21916.3,21912.65,21914.95,230,100,0
2025-06-10 23:12:00,21915.65,21918.55,21913.3,21916.0,233,100,0
2025-06-10 23:13:00,21916.05,21916.3,21911.0,21914.25,232,100,0
2025-06-10 23:14:00,21914.15,21914.55,21910.05,21912.6,241,100,0
2025-06-10 23:15:00,21912.2,21917.5,21912.2,21916.95,194,100,0
2025-06-10 23:16:00,21917.05,21921.6,21917.0,21921.05,206,100,0
2025-06-10 23:17:00,21921.3,21923.45,21919.6,21920.9,210,100,0
2025-06-10 23:18:00,21920.8,21941.15,21920.35,21938.35,348,100,0
2025-06-10 23:19:00,21938.55,21943.55,21930.4,21931.15,334,100,0
2025-06-10 23:20:00,21931.35,21933.25,21927.75,21931.0,240,100,0
2025-06-10 23:21:00,21931.0,21938.0,21931.0,21936.65,223,100,0
2025-06-10 23:22:00,21936.6,21936.6,21931.95,21931.95,140,100,0
2025-06-10 23:23:00,21931.8,21934.1,21931.5,21932.25,126,100,0
2025-06-10 23:24:00,21932.2,21932.8,21927.8,21928.4,235,100,0
2025-06-10 23:25:00,21928.45,21928.9,21925.75,21927.25,204,100,0
2025-06-10 23:26:00,21927.5,21930.7,21927.15,21929.9,138,100,0
2025-06-10 23:27:00,21929.85,21929.85,21927.4,21928.85,126,100,0
2025-06-10 23:28:00,21929.15,21930.3,21927.25,21928.4,135,100,0
2025-06-10 23:29:00,21928.2,21928.35,21921.8,21923.0,173,100,0
2025-06-10 23:30:00,21922.7,21925.15,21919.25,21924.5,194,100,0
2025-06-10 23:31:00,21924.65,21925.0,21921.95,21923.2,129,100,0
2025-06-10 23:32:00,21923.2,21924.45,21921.55,21922.85,122,100,0
2025-06-10 23:33:00,21922.9,21923.3,21921.45,21923.15,112,100,0
2025-06-10 23:34:00,21923.15,21924.65,21922.85,21923.35,99,100,0
2025-06-10 23:35:00,21923.3,21925.9,21922.3,21925.75,100,100,0
2025-06-10 23:36:00,21925.75,21929.25,21925.75,21929.05,133,100,0
2025-06-10 23:37:00,21929.35,21929.35,21927.3,21928.45,113,100,0
2025-06-10 23:38:00,21928.3,21929.35,21926.5,21928.85,120,100,0
2025-06-10 23:39:00,21928.85,21929.4,21926.1,21927.3,101,100,0
2025-06-10 23:40:00,21927.2,21927.25,21923.35,21924.55,166,100,0
2025-06-10 23:41:00,21924.65,21926.15,21921.05,21925.15,168,100,0
2025-06-10 23:42:00,21925.15,21926.15,21924.75,21925.0,117,100,0
2025-06-10 23:43:00,21925.05,21928.15,21925.05,21926.9,139,100,0
2025-06-10 23:44:00,21926.95,21930.75,21926.6,21928.3,167,100,0
2025-06-10 23:45:00,21928.5,21930.55,21927.4,21927.8,151,100,0
2025-06-10 23:46:00,21927.6,21928.8,21925.05,21927.15,174,100,0
2025-06-10 23:47:00,21927.25,21927.8,21926.05,21927.6,120,100,0
2025-06-10 23:48:00,21927.05,21928.65,21925.05,21926.85,111,100,0
2025-06-10 23:49:00,21926.45,21927.95,21925.55,21925.8,100,105,0
2025-06-10 23:50:00,21925.7,21926.15,21923.2,21923.2,143,100,0
2025-06-10 23:51:00,21923.35,21927.7,21921.45,21925.65,186,100,0
2025-06-10 23:52:00,21925.65,21925.9,21922.95,21924.85,108,100,0
2025-06-10 23:53:00,21924.35,21927.9,21924.25,21926.25,127,100,0
2025-06-10 23:54:00,21926.25,21927.9,21925.95,21925.95,76,100,0
2025-06-10 23:55:00,21926.25,21927.6,21924.25,21927.45,130,100,0
2025-06-10 23:56:00,21927.5,21927.9,21925.75,21925.8,84,100,0
2025-06-10 23:57:00,21925.8,21926.6,21924.65,21926.1,156,100,0
2025-06-10 23:58:00,21925.95,21928.15,21925.55,21926.75,149,100,0
2025-06-10 23:59:00,21926.85,21926.9,21924.5,21925.1,180,100,0
2025-06-11 01:00:00,21921.05,21928.9,21917.55,21928.25,182,90,0
2025-06-11 01:01:00,21928.25,21931.0,21926.3,21929.5,140,90,0
2025-06-11 01:02:00,21929.6,21930.15,21926.6,21928.2,100,95,0
2025-06-11 01:03:00,21928.2,21929.0,21925.45,21926.2,72,90,0
2025-06-11 01:04:00,21926.1,21926.5,21924.55,21925.85,47,90,0
2025-06-11 01:05:00,21925.85,21926.9,21923.55,21924.95,78,95,0
2025-06-11 01:06:00,21925.45,21929.4,21925.25,21928.8,60,90,0
2025-06-11 01:07:00,21928.7,21930.85,21927.85,21928.5,90,90,0
2025-06-11 01:08:00,21928.7,21930.05,21928.55,21930.0,33,90,0
2025-06-11 01:09:00,21929.15,21929.25,21926.25,21929.15,45,90,0
2025-06-11 01:10:00,21929.3,21929.95,21927.4,21929.95,31,90,0
2025-06-11 01:11:00,21929.9,21932.05,21927.75,21928.1,67,90,0
2025-06-11 01:12:00,21928.1,21929.9,21927.0,21928.75,45,90,0
2025-06-11 01:13:00,21928.8,21929.75,21928.05,21928.45,29,90,0
2025-06-11 01:14:00,21928.45,21928.5,21927.55,21927.9,29,90,0
2025-06-11 01:15:00,21927.9,21929.9,21927.8,21929.4,35,90,0
2025-06-11 01:16:00,21928.75,21930.25,21928.4,21930.25,24,95,0
2025-06-11 01:17:00,21930.25,21932.3,21929.8,21931.85,38,95,0
2025-06-11 01:18:00,21931.85,21931.9,21929.2,21929.7,44,90,0
2025-06-11 01:19:00,21929.65,21930.3,21929.4,21930.0,23,90,0
2025-06-11 01:20:00,21929.65,21930.55,21927.95,21930.45,37,90,0
2025-06-11 01:21:00,21930.65,21931.7,21929.2,21929.3,24,90,0
2025-06-11 01:22:00,21929.3,21929.5,21926.75,21927.95,48,95,0
2025-06-11 01:23:00,21928.0,21928.0,21924.05,21927.95,82,90,0
2025-06-11 01:24:00,21927.9,21930.05,21927.65,21929.35,37,90,0
2025-06-11 01:25:00,21929.35,21931.8,21928.35,21931.8,45,90,0
2025-06-11 01:26:00,21931.7,21936.95,21931.7,21934.0,114,90,0
2025-06-11 01:27:00,21933.85,21936.65,21933.2,21936.1,73,90,0
2025-06-11 01:28:00,21936.2,21936.4,21928.4,21928.8,87,90,0
2025-06-11 01:29:00,21928.95,21930.15,21925.05,21926.4,72,95,0
2025-06-11 01:30:00,21926.4,21926.7,21922.25,21923.2,105,90,0
2025-06-11 01:31:00,21922.85,21924.2,21921.55,21923.1,92,90,0
2025-06-11 01:32:00,21923.35,21923.4,21919.2,21922.55,78,90,0
2025-06-11 01:33:00,21922.65,21923.15,21920.95,21922.75,68,90,0
2025-06-11 01:34:00,21922.4,21923.45,21921.8,21923.4,50,95,0
2025-06-11 01:35:00,21923.25,21925.15,21922.7,21924.55,100,90,0
2025-06-11 01:36:00,21924.85,21925.25,21923.7,21924.5,41,90,0
2025-06-11 01:37:00,21924.6,21925.75,21924.55,21925.5,36,95,0
2025-06-11 01:38:00,21925.2,21928.1,21923.2,21923.4,78,90,0
2025-06-11 01:39:00,21923.4,21924.1,21923.05,21923.55,50,90,0
2025-06-11 01:40:00,21923.6,21929.7,21923.25,21929.2,90,90,0
2025-06-11 01:41:00,21929.1,21929.75,21928.5,21929.75,68,90,0
2025-06-11 01:42:00,21929.8,21930.15,21929.05,21929.1,57,90,0
2025-06-11 01:43:00,21929.1,21929.2,21926.4,21926.9,65,95,0
2025-06-11 01:44:00,21926.15,21927.05,21925.55,21927.0,34,90,0
2025-06-11 01:45:00,21927.25,21928.45,21927.25,21928.2,52,90,0
2025-06-11 01:46:00,21928.2,21928.3,21925.55,21926.75,55,90,0
2025-06-11 01:47:00,21926.6,21926.9,21925.85,21926.25,38,90,0
2025-06-11 01:48:00,21926.25,21926.45,21923.6,21924.4,56,95,0
2025-06-11 01:49:00,21924.25,21925.75,21924.15,21925.2,43,90,0
2025-06-11 01:50:00,21925.05,21925.25,21924.45,21925.05,56,90,0
2025-06-11 01:51:00,21924.9,21926.8,21924.85,21926.25,40,90,0
2025-06-11 01:52:00,21926.25,21927.3,21925.05,21927.0,43,90,0
2025-06-11 01:53:00,21927.0,21947.25,21927.0,21942.6,176,95,0
2025-06-11 01:54:00,21942.3,21958.15,21941.0,21952.3,348,90,0
2025-06-11 01:55:00,21952.3,21956.75,21950.05,21952.0,217,90,0
2025-06-11 01:56:00,21952.0,21956.45,21951.0,21956.4,181,90,0
2025-06-11 01:57:00,21956.3,21959.0,21949.05,21951.2,207,90,0
2025-06-11 01:58:00,21951.25,21953.85,21948.55,21951.3,177,90,0
2025-06-11 01:59:00,21950.25,21952.15,21948.2,21948.35,132,105,0
2025-06-11 02:00:00,21948.15,21949.35,21935.7,21937.05,241,105,0
2025-06-11 02:01:00,21937.4,21937.4,21929.1,21932.35,250,100,0
2025-06-11 02:02:00,21932.4,21934.35,21930.8,21931.7,147,100,0
2025-06-11 02:03:00,21931.7,21932.15,21917.05,21918.1,244,100,0
2025-06-11 02:04:00,21917.8,21923.4,21917.65,21919.05,224,100,0
2025-06-11 02:05:00,21918.85,21923.65,21917.7,21923.3,164,100,0
2025-06-11 02:06:00,21923.4,21923.6,21907.2,21910.8,265,100,0
2025-06-11 02:07:00,21910.85,21914.9,21909.0,21914.15,208,100,0
2025-06-11 02:08:00,21914.05,21914.75,21900.9,21901.85,255,100,0
2025-06-11 02:09:00,21901.45,21907.65,21891.95,21897.15,262,100,0
2025-06-11 02:10:00,21897.2,21916.8,21892.2,21908.7,340,100,0
2025-06-11 02:11:00,21909.0,21922.4,21905.95,21917.75,258,100,0
2025-06-11 02:12:00,21916.65,21939.75,21916.6,21933.2,309,100,0
2025-06-11 02:13:00,21933.3,21937.15,21929.65,21937.15,240,100,0
2025-06-11 02:14:00,21937.15,21941.1,21934.3,21935.5,233,100,0
2025-06-11 02:15:00,21935.2,21951.35,21934.25,21946.75,255,100,0
2025-06-11 02:16:00,21946.6,21947.25,21942.85,21946.7,169,100,0
2025-06-11 02:17:00,21946.65,21975.1,21944.95,21968.85,268,105,0
2025-06-11 02:18:00,21968.7,21969.2,21950.55,21951.05,321,100,0
2025-06-11 02:19:00,21951.05,21959.05,21951.05,21957.4,258,105,0
2025-06-11 02:20:00,21957.4,21957.5,21950.75,21952.35,225,100,0
2025-06-11 02:21:00,21952.4,21954.2,21949.6,21953.45,156,100,0
2025-06-11 02:22:00,21953.75,21958.0,21951.65,21953.6,194,100,0
2025-06-11 02:23:00,21953.5,21954.95,21939.85,21941.75,269,100,0
2025-06-11 02:24:00,21941.9,21942.85,21938.35,21940.6,189,100,0
2025-06-11 02:25:00,21940.35,21945.75,21940.3,21944.75,169,100,0
2025-06-11 02:26:00,21944.75,21945.05,21940.0,21943.35,145,100,0
2025-06-11 02:27:00,21943.25,21944.1,21937.6,21943.85,175,100,0
2025-06-11 02:28:00,21944.15,21947.15,21943.05,21947.1,141,105,0
2025-06-11 02:29:00,21947.1,21951.75,21946.1,21948.15,152,100,0
2025-06-11 02:30:00,21948.1,21949.45,21945.15,21946.7,161,100,0
2025-06-11 02:31:00,21946.7,21946.85,21942.1,21943.35,126,100,0
2025-06-11 02:32:00,21942.95,21944.7,21941.75,21943.75,78,100,0
2025-06-11 02:33:00,21943.75,21945.9,21942.2,21945.25,99,100,0
2025-06-11 02:34:00,21945.25,21946.35,21941.65,21943.2,82,100,0
2025-06-11 02:35:00,21943.0,21944.9,21941.7,21942.0,89,100,0
2025-06-11 02:36:00,21942.0,21942.3,21931.4,21934.35,183,105,0
2025-06-11 02:37:00,21934.35,21937.7,21933.05,21937.4,151,100,0
2025-06-11 02:38:00,21937.2,21937.55,21935.2,21937.1,103,100,0
2025-06-11 02:39:00,21937.1,21937.3,21930.1,21932.1,128,100,0
2025-06-11 02:40:00,21932.0,21933.05,21928.35,21928.5,201,100,0
2025-06-11 02:41:00,21928.35,21935.1,21927.85,21935.1,140,100,0
2025-06-11 02:42:00,21934.1,21934.3,21926.15,21926.95,165,100,0
2025-06-11 02:43:00,21926.45,21929.95,21926.3,21928.95,101,100,0
2025-06-11 02:44:00,21928.55,21930.0,21928.1,21929.6,90,100,0
2025-06-11 02:45:00,21929.6,21931.15,21927.25,21929.6,137,100,0
2025-06-11 02:46:00,21929.6,21931.1,21928.0,21931.05,114,100,0
2025-06-11 02:47:00,21931.2,21931.35,21929.25,21929.65,121,100,0
2025-06-11 02:48:00,21929.85,21929.85,21920.0,21921.8,202,100,0
2025-06-11 02:49:00,21921.8,21923.6,21916.05,21917.65,177,100,0
2025-06-11 02:50:00,21917.45,21922.85,21914.1,21921.95,225,100,0
2025-06-11 02:51:00,21922.1,21924.95,21919.6,21919.6,163,100,0
2025-06-11 02:52:00,21919.6,21924.2,21916.85,21923.35,165,100,0
2025-06-11 02:53:00,21923.4,21925.4,21921.45,21924.1,145,105,0
2025-06-11 02:54:00,21924.2,21924.65,21919.45,21919.9,136,100,0
2025-06-11 02:55:00,21919.7,21923.65,21919.2,21922.5,90,100,0
2025-06-11 02:56:00,21922.4,21924.8,21919.75,21923.9,104,100,0
2025-06-11 02:57:00,21923.85,21925.9,21921.5,21925.85,134,100,0
2025-06-11 02:58:00,21925.6,21927.2,21924.0,21927.1,146,100,0
2025-06-11 02:59:00,21927.35,21929.95,21925.15,21929.8,171,100,0
2025-06-11 03:00:00,21929.1,21929.1,21921.1,21925.8,285,100,0
2025-06-11 03:01:00,21925.8,21937.45,21925.8,21933.95,304,100,0
2025-06-11 03:02:00,21934.2,21934.85,21929.15,21932.2,201,100,0
2025-06-11 03:03:00,21931.7,21937.45,21930.85,21937.45,208,100,0
2025-06-11 03:04:00,21937.55,21940.75,21933.95,21937.0,264,100,0
2025-06-11 03:05:00,21936.8,21937.0,21926.25,21926.25,156,100,0
2025-06-11 03:06:00,21925.9,21927.05,21917.35,21920.2,269,100,0
2025-06-11 03:07:00,21920.2,21920.2,21913.15,21919.45,247,100,0
2025-06-11 03:08:00,21919.25,21930.7,21917.7,21929.8,235,100,0
2025-06-11 03:09:00,21929.8,21931.3,21926.15,21928.65,161,105,0
2025-06-11 03:10:00,21928.75,21931.35,21923.5,21923.5,147,100,0
2025-06-11 03:11:00,21923.95,21926.65,21922.4,21922.4,172,100,0
2025-06-11 03:12:00,21922.4,21923.15,21899.05,21902.75,186,100,0
2025-06-11 03:13:00,21903.35,21918.85,21901.75,21918.6,335,100,0
2025-06-11 03:14:00,21918.7,21922.6,21917.25,21922.25,238,100,0
2025-06-11 03:15:00,21922.45,21928.4,21921.7,21923.85,190,100,0
2025-06-11 03:16:00,21923.15,21930.7,21917.5,21923.6,289,100,0
2025-06-11 03:17:00,21923.6,21932.35,21922.6,21932.3,196,100,0
2025-06-11 03:18:00,21932.1,21933.7,21929.35,21932.1,204,100,0
2025-06-11 03:19:00,21932.3,21932.85,21927.65,21927.95,191,100,0
2025-06-11 03:20:00,21927.4,21927.4,21917.85,21918.05,181,100,0
2025-06-11 03:21:00,21917.9,21921.7,21913.7,21921.6,202,100,0
2025-06-11 03:22:00,21921.6,21921.6,21912.0,21912.75,208,100,0
2025-06-11 03:23:00,21912.75,21914.25,21909.9,21912.2,193,100,0
2025-06-11 03:24:00,21912.2,21916.15,21910.0,21915.35,153,100,0
2025-06-11 03:25:00,21915.35,21915.35,21911.35,21912.1,134,100,0
2025-06-11 03:26:00,21911.85,21913.35,21910.6,21912.3,125,100,0
2025-06-11 03:27:00,21912.55,21914.35,21908.35,21911.6,153,100,0
2025-06-11 03:28:00,21911.5,21912.9,21909.45,21910.6,157,100,0
2025-06-11 03:29:00,21910.35,21910.6,21905.05,21905.8,185,100,0
2025-06-11 03:30:00,21905.8,21910.1,21903.6,21909.3,215,105,0
2025-06-11 03:31:00,21909.15,21909.15,21905.65,21906.45,109,100,0
2025-06-11 03:32:00,21906.1,21906.7,21903.7,21903.7,127,100,0
2025-06-11 03:33:00,21903.7,21906.15,21900.9,21903.45,165,100,0
2025-06-11 03:34:00,21903.55,21904.6,21901.1,21901.7,133,100,0
2025-06-11 03:35:00,21901.7,21904.4,21900.75,21903.05,150,100,0
2025-06-11 03:36:00,21902.9,21903.6,21901.3,21902.1,132,100,0
2025-06-11 03:37:00,21902.05,21904.15,21899.3,21901.45,125,100,0
2025-06-11 03:38:00,21901.4,21901.65,21896.85,21897.5,165,100,0
2025-06-11 03:39:00,21897.65,21900.95,21894.7,21899.8,223,100,0
2025-06-11 03:40:00,21899.8,21900.0,21890.55,21891.15,202,100,0
2025-06-11 03:41:00,21890.8,21896.75,21890.8,21896.25,206,100,0
2025-06-11 03:42:00,21896.2,21900.7,21896.1,21899.85,180,100,0
2025-06-11 03:43:00,21899.8,21900.8,21897.85,21900.1,166,100,0
2025-06-11 03:44:00,21900.5,21907.15,21900.2,21903.1,206,100,0
2025-06-11 03:45:00,21902.95,21904.4,21899.55,21902.95,169,100,0
2025-06-11 03:46:00,21902.9,21902.95,21896.25,21897.0,175,100,0
2025-06-11 03:47:00,21897.2,21900.15,21895.9,21898.7,138,100,0
2025-06-11 03:48:00,21898.7,21898.8,21895.0,21896.05,168,100,0
2025-06-11 03:49:00,21896.15,21897.9,21895.05,21897.75,132,100,0
2025-06-11 03:50:00,21897.6,21897.9,21894.1,21894.7,111,100,0
2025-06-11 03:51:00,21894.7,21896.2,21893.05,21894.75,153,100,0
2025-06-11 03:52:00,21894.9,21897.05,21894.05,21894.95,124,100,0
2025-06-11 03:53:00,21894.95,21895.4,21888.55,21892.75,183,100,0
2025-06-11 03:54:00,21892.3,21899.35,21890.85,21899.35,197,100,0
2025-06-11 03:55:00,21899.45,21900.6,21896.9,21899.95,181,100,0
2025-06-11 03:56:00,21899.95,21899.95,21895.05,21895.9,167,100,0
2025-06-11 03:57:00,21895.6,21895.95,21889.95,21891.35,125,100,0
2025-06-11 03:58:00,21891.4,21892.3,21888.25,21891.7,177,105,0
2025-06-11 03:59:00,21891.6,21891.8,21889.0,21891.05,140,100,0
2025-06-11 04:00:00,21890.75,21898.6,21888.85,21897.5,203,100,0
2025-06-11 04:01:00,21897.65,21899.1,21896.0,21896.35,153,100,0
2025-06-11 04:02:00,21896.2,21900.1,21895.15,21898.45,150,100,0
2025-06-11 04:03:00,21898.45,21898.95,21894.7,21895.85,153,100,0
2025-06-11 04:04:00,21895.85,21897.4,21891.9,21892.2,148,100,0
2025-06-11 04:05:00,21892.25,21895.0,21890.05,21891.6,147,100,0
2025-06-11 04:06:00,21891.65,21892.35,21883.75,21886.9,281,100,0
2025-06-11 04:07:00,21887.0,21894.85,21886.85,21892.0,212,100,0
2025-06-11 04:08:00,21892.0,21894.35,21889.9,21892.75,151,100,0
2025-06-11 04:09:00,21892.65,21892.75,21887.5,21889.4,139,105,0
2025-06-11 04:10:00,21889.15,21891.8,21887.65,21890.05,149,100,0
2025-06-11 04:11:00,21890.5,21891.2,21884.65,21884.65,125,105,0
2025-06-11 04:12:00,21884.65,21888.55,21884.55,21886.85,178,100,0
2025-06-11 04:13:00,21886.35,21886.9,21881.6,21884.15,175,100,0
2025-06-11 04:14:00,21884.2,21888.25,21883.55,21888.0,141,100,0
2025-06-11 04:15:00,21888.0,21890.2,21885.55,21886.1,184,100,0
2025-06-11 04:16:00,21885.9,21886.75,21882.8,21883.3,155,105,0
2025-06-11 04:17:00,21883.3,21885.2,21876.35,21878.5,226,100,0
2025-06-11 04:18:00,21878.45,21879.75,21876.95,21878.9,162,100,0
2025-06-11 04:19:00,21878.75,21880.75,21877.75,21877.95,145,105,0
2025-06-11 04:20:00,21877.85,21878.15,21874.6,21875.2,151,100,0
2025-06-11 04:21:00,21875.05,21879.05,21875.0,21876.25,140,105,0
2025-06-11 04:22:00,21875.6,21876.45,21872.05,21875.4,206,100,0
2025-06-11 04:23:00,21875.45,21875.95,21870.05,21872.65,192,100,0
2025-06-11 04:24:00,21872.75,21874.75,21871.0,21874.5,161,100,0
2025-06-11 04:25:00,21874.4,21874.5,21871.2,21872.15,147,100,0
2025-06-11 04:26:00,21872.15,21872.4,21867.8,21870.5,194,100,0
2025-06-11 04:27:00,21870.5,21871.45,21868.05,21869.0,177,100,0
2025-06-11 04:28:00,21868.9,21874.45,21864.65,21874.45,236,100,0
2025-06-11 04:29:00,21874.15,21879.5,21874.15,21879.5,227,100,0
2025-06-11 04:30:00,21879.55,21879.55,21868.95,21869.05,234,100,0
2025-06-11 04:31:00,21868.2,21877.7,21867.9,21877.05,202,100,0
2025-06-11 04:32:00,21877.75,21879.9,21872.6,21873.4,219,100,0
2025-06-11 04:33:00,21873.5,21874.1,21871.55,21873.95,129,100,0
2025-06-11 04:34:00,21873.9,21873.95,21868.35,21868.75,135,105,0
2025-06-11 04:35:00,21868.6,21871.4,21865.15,21871.1,181,100,0
2025-06-11 04:36:00,21871.25,21871.3,21867.25,21867.6,142,100,0
2025-06-11 04:37:00,21867.65,21868.4,21862.6,21862.7,192,100,0
2025-06-11 04:38:00,21862.65,21863.8,21858.35,21859.25,254,100,0
2025-06-11 04:39:00,21859.05,21865.45,21858.95,21864.9,220,100,0
2025-06-11 04:40:00,21864.65,21874.05,21862.6,21873.8,240,100,0
2025-06-11 04:41:00,21873.95,21875.8,21872.9,21874.2,195,100,0
2025-06-11 04:42:00,21874.2,21874.3,21870.4,21872.7,157,100,0
2025-06-11 04:43:00,21872.3,21877.25,21872.3,21877.05,153,105,0
2025-06-11 04:44:00,21876.95,21878.25,21874.05,21876.95,162,100,0
2025-06-11 04:45:00,21876.95,21878.25,21876.75,21877.6,114,105,0
2025-06-11 04:46:00,21877.9,21885.05,21877.2,21884.75,170,100,0
2025-06-11 04:47:00,21884.8,21885.1,21880.45,21882.9,170,100,0
2025-06-11 04:48:00,21882.85,21884.7,21880.45,21882.9,185,100,0
2025-06-11 04:49:00,21882.75,21884.1,21881.65,21883.55,141,105,0
2025-06-11 04:50:00,21883.45,21884.65,21881.6,21884.65,161,100,0
2025-06-11 04:51:00,21884.5,21884.85,21883.05,21884.45,103,100,0
2025-06-11 04:52:00,21884.15,21885.6,21882.75,21885.4,164,100,0
2025-06-11 04:53:00,21885.25,21885.25,21880.95,21882.9,126,105,0
2025-06-11 04:54:00,21882.8,21883.45,21881.55,21882.1,119,100,0
2025-06-11 04:55:00,21882.5,21883.4,21876.7,21878.5,176,100,0
2025-06-11 04:56:00,21878.4,21883.95,21877.65,21883.95,153,100,0
2025-06-11 04:57:00,21883.8,21885.1,21881.25,21884.1,147,105,0
2025-06-11 04:58:00,21883.95,21884.4,21880.2,21881.75,145,100,0
2025-06-11 04:59:00,21881.4,21884.55,21881.4,21884.2,128,100,0
2025-06-11 05:00:00,21884.15,21884.35,21881.55,21883.65,136,100,0
2025-06-11 05:01:00,21883.4,21887.0,21883.35,21884.85,169,105,0
2025-06-11 05:02:00,21884.9,21886.3,21883.2,21886.2,120,105,0
2025-06-11 05:03:00,21886.1,21886.35,21881.2,21881.7,136,100,0
2025-06-11 05:04:00,21881.2,21882.75,21878.65,21878.9,171,100,0
2025-06-11 05:05:00,21878.95,21879.7,21875.05,21876.6,176,100,0
2025-06-11 05:06:00,21876.6,21879.2,21874.85,21876.45,179,100,0
2025-06-11 05:07:00,21876.3,21876.45,21874.75,21875.75,109,100,0
2025-06-11 05:08:00,21875.75,21876.65,21874.95,21875.95,102,100,0
2025-06-11 05:09:00,21875.95,21881.85,21875.95,21881.45,119,100,0
2025-06-11 05:10:00,21881.5,21881.65,21876.8,21877.65,129,100,0
2025-06-11 05:11:00,21877.5,21877.5,21874.95,21876.95,129,100,0
2025-06-11 05:12:00,21876.95,21877.0,21874.25,21876.5,97,100,0
2025-06-11 05:13:00,21876.55,21877.15,21875.45,21875.45,76,100,0
2025-06-11 05:14:00,21875.1,21880.15,21874.55,21880.15,106,100,0
2025-06-11 05:15:00,21879.9,21880.65,21877.85,21877.85,99,100,0
2025-06-11 05:16:00,21877.5,21877.5,21875.1,21876.05,84,100,0
2025-06-11 05:17:00,21876.05,21876.05,21874.05,21874.45,84,100,0
2025-06-11 05:18:00,21874.2,21877.35,21873.9,21874.4,104,100,0
2025-06-11 05:19:00,21874.45,21876.85,21874.2,21875.15,84,100,0
2025-06-11 05:20:00,21875.25,21876.25,21872.4,21873.0,114,100,0
2025-06-11 05:21:00,21871.05,21872.45,21868.7,21870.0,149,100,0
2025-06-11 05:22:00,21869.85,21871.15,21869.05,21870.75,92,105,0
2025-06-11 05:23:00,21870.75,21870.75,21867.95,21869.45,122,105,0
2025-06-11 05:24:00,21869.45,21874.25,21869.45,21873.95,107,100,0
2025-06-11 05:25:00,21873.95,21875.6,21873.7,21875.3,92,100,0
2025-06-11 05:26:00,21875.35,21875.35,21870.45,21872.55,103,100,0
2025-06-11 05:27:00,21872.2,21873.6,21871.2,21873.35,90,105,0
2025-06-11 05:28:00,21873.2,21876.1,21873.05,21875.85,110,105,0
2025-06-11 05:29:00,21875.35,21876.0,21874.1,21874.95,61,105,0
2025-06-11 05:30:00,21873.8,21874.15,21871.95,21873.0,120,105,0
2025-06-11 05:31:00,21872.95,21873.85,21871.1,21871.75,98,100,0
2025-06-11 05:32:00,21871.8,21872.35,21870.15,21871.0,89,105,0
2025-06-11 05:33:00,21870.85,21874.4,21870.85,21872.6,70,105,0
2025-06-11 05:34:00,21872.6,21874.5,21872.0,21872.2,70,105,0
2025-06-11 05:35:00,21872.2,21874.25,21872.05,21874.0,76,105,0
2025-06-11 05:36:00,21874.25,21876.05,21873.5,21875.7,74,100,0
2025-06-11 05:37:00,21875.7,21883.9,21875.15,21883.9,154,100,0
2025-06-11 05:38:00,21883.9,21884.7,21879.05,21880.2,164,100,0
2025-06-11 05:39:00,21879.95,21882.9,21879.75,21881.4,109,100,0
2025-06-11 05:40:00,21881.4,21883.1,21881.15,21882.75,121,100,0
2025-06-11 05:41:00,21882.9,21883.2,21881.75,21882.45,79,100,0
2025-06-11 05:42:00,21882.45,21883.45,21879.9,21880.75,91,100,0
2025-06-11 05:43:00,21880.75,21882.0,21880.1,21880.4,72,100,0
2025-06-11 05:44:00,21879.1,21879.15,21874.9,21875.55,145,100,0
2025-06-11 05:45:00,21875.55,21876.6,21873.65,21875.0,122,100,0
2025-06-11 05:46:00,21874.4,21874.85,21872.2,21873.15,85,100,0
2025-06-11 05:47:00,21872.95,21873.95,21872.2,21873.45,81,100,0
2025-06-11 05:48:00,21872.35,21873.45,21871.85,21873.45,83,105,0
2025-06-11 05:49:00,21872.75,21872.75,21871.6,21872.05,67,100,0
2025-06-11 05:50:00,21872.0,21876.45,21872.0,21876.45,85,100,0
2025-06-11 05:51:00,21876.8,21877.3,21873.2,21875.65,76,100,0
2025-06-11 05:52:00,21875.85,21878.3,21873.95,21874.25,96,100,0
2025-06-11 05:53:00,21874.2,21875.45,21873.45,21874.65,48,100,0
2025-06-11 05:54:00,21874.55,21875.1,21874.05,21874.45,76,100,0
2025-06-11 05:55:00,21874.65,21874.7,21872.35,21874.0,63,100,0
2025-06-11 05:56:00,21874.0,21874.1,21869.7,21869.7,108,100,0
2025-06-11 05:57:00,21869.45,21872.45,21869.45,21871.7,88,100,0
2025-06-11 05:58:00,21871.8,21871.8,21870.55,21871.45,68,100,0
2025-06-11 05:59:00,21871.15,21872.85,21870.9,21871.0,75,100,0
2025-06-11 06:00:00,21871.0,21872.5,21864.3,21869.7,236,100,0
2025-06-11 06:01:00,21869.8,21871.25,21865.75,21870.45,133,105,0
2025-06-11 06:02:00,21870.45,21870.9,21863.2,21864.75,178,105,0
2025-06-11 06:03:00,21864.75,21866.45,21864.1,21864.7,118,100,0
2025-06-11 06:04:00,21864.75,21869.85,21864.15,21865.7,144,100,0
2025-06-11 06:05:00,21865.7,21867.65,21863.05,21867.65,145,100,0
2025-06-11 06:06:00,21867.7,21871.55,21867.35,21871.0,117,100,0
2025-06-11 06:07:00,21871.05,21874.45,21870.45,21870.45,131,105,0
2025-06-11 06:08:00,21869.45,21870.4,21868.0,21870.4,82,100,0
2025-06-11 06:09:00,21870.45,21870.9,21869.4,21870.6,72,100,0
2025-06-11 06:10:00,21870.6,21871.8,21869.55,21871.5,85,105,0
2025-06-11 06:11:00,21871.2,21876.7,21870.6,21876.05,123,100,0
2025-06-11 06:12:00,21876.3,21879.45,21875.9,21876.0,116,100,0
2025-06-11 06:13:00,21876.0,21876.25,21872.05,21872.25,89,100,0
2025-06-11 06:14:00,21872.4,21873.15,21871.7,21872.85,71,100,0
2025-06-11 06:15:00,21872.5,21873.1,21871.8,21873.1,62,100,0
2025-06-11 06:16:00,21872.9,21872.95,21869.1,21869.95,80,100,0
2025-06-11 06:17:00,21869.9,21870.2,21864.45,21864.7,77,100,0
2025-06-11 06:18:00,21864.6,21870.7,21864.6,21869.1,116,105,0
2025-06-11 06:19:00,21869.2,21871.75,21868.75,21870.55,139,100,0
2025-06-11 06:20:00,21870.65,21876.75,21870.65,21875.05,152,105,0
2025-06-11 06:21:00,21875.1,21875.4,21872.55,21872.85,106,100,0
2025-06-11 06:22:00,21873.05,21874.95,21872.55,21874.65,96,105,0
2025-06-11 06:23:00,21874.7,21878.1,21874.25,21876.6,126,105,0
2025-06-11 06:24:00,21876.45,21877.2,21875.1,21875.4,82,100,0
2025-06-11 06:25:00,21875.05,21877.1,21875.05,21876.95,93,100,0
2025-06-11 06:26:00,21877.0,21879.8,21876.95,21879.75,110,100,0
2025-06-11 06:27:00,21879.75,21884.0,21879.65,21881.15,152,100,0
2025-06-11 06:28:00,21881.15,21881.45,21879.6,21879.85,96,100,0
2025-06-11 06:29:00,21879.7,21879.85,21875.65,21876.45,65,100,0
2025-06-11 06:30:00,21876.5,21880.9,21876.45,21880.45,126,100,0
2025-06-11 06:31:00,21879.45,21882.0,21877.7,21878.45,76,100,0
2025-06-11 06:32:00,21878.6,21879.85,21877.9,21878.6,73,105,0
2025-06-11 06:33:00,21878.3,21881.95,21877.85,21881.05,76,105,0
2025-06-11 06:34:00,21881.1,21881.15,21878.9,21879.4,53,100,0
2025-06-11 06:35:00,21879.25,21879.55,21875.2,21875.35,71,100,0
2025-06-11 06:36:00,21874.65,21874.8,21868.95,21871.2,150,100,0
2025-06-11 06:37:00,21871.2,21873.95,21871.15,21873.45,117,100,0
2025-06-11 06:38:00,21873.6,21874.95,21872.45,21874.75,73,100,0
2025-06-11 06:39:00,21874.9,21876.75,21874.45,21876.75,71,100,0
2025-06-11 06:40:00,21876.75,21877.95,21876.5,21877.8,58,100,0
2025-06-11 06:41:00,21877.8,21878.5,21876.8,21878.5,56,100,0
2025-06-11 06:42:00,21878.65,21882.45,21878.65,21881.15,92,105,0
2025-06-11 06:43:00,21881.15,21882.95,21881.05,21882.1,67,105,0
2025-06-11 06:44:00,21882.2,21883.75,21881.55,21881.7,110,100,0
2025-06-11 06:45:00,21881.7,21882.05,21880.5,21881.5,114,100,0
2025-06-11 06:46:00,21881.55,21881.55,21879.7,21880.0,77,100,0
2025-06-11 06:47:00,21879.9,21883.45,21879.65,21883.45,76,100,0
2025-06-11 06:48:00,21883.4,21883.45,21882.65,21882.65,45,100,0
2025-06-11 06:49:00,21882.0,21882.7,21878.3,21879.1,81,100,0
2025-06-11 06:50:00,21879.2,21879.65,21876.05,21877.4,80,100,0
2025-06-11 06:51:00,21877.35,21879.5,21876.6,21877.6,83,100,0
2025-06-11 06:52:00,21877.65,21879.45,21877.6,21879.4,42,100,0
2025-06-11 06:53:00,21879.4,21883.6,21879.2,21883.4,78,100,0
2025-06-11 06:54:00,21883.25,21883.3,21881.45,21882.1,55,100,0
2025-06-11 06:55:00,21881.4,21882.75,21880.6,21882.5,66,100,0
2025-06-11 06:56:00,21882.35,21883.55,21880.25,21880.45,56,100,0
2025-06-11 06:57:00,21880.45,21886.0,21880.45,21885.15,93,100,0
2025-06-11 06:58:00,21885.1,21885.75,21883.4,21883.5,88,105,0
2025-06-11 06:59:00,21883.6,21884.7,21881.75,21883.5,107,100,0
2025-06-11 07:00:00,21883.5,21885.3,21882.75,21883.7,97,105,0
2025-06-11 07:01:00,21883.85,21885.2,21882.0,21882.15,72,105,0
2025-06-11 07:02:00,21882.15,21883.6,21880.85,21881.15,78,100,0
2025-06-11 07:03:00,21881.05,21883.8,21880.85,21881.7,92,100,0
2025-06-11 07:04:00,21881.7,21883.2,21881.55,21881.85,87,100,0
2025-06-11 07:05:00,21881.8,21881.9,21881.3,21881.35,23,100,0
2025-06-11 07:06:00,21881.35,21881.6,21878.15,21879.9,83,100,0
2025-06-11 07:07:00,21879.65,21880.85,21878.7,21880.75,85,100,0
2025-06-11 07:08:00,21880.75,21880.85,21879.1,21879.4,73,100,0
2025-06-11 07:09:00,21879.35,21881.1,21877.95,21878.75,79,100,0
2025-06-11 07:10:00,21878.95,21880.6,21878.6,21880.1,78,100,0
2025-06-11 07:11:00,21880.8,21881.9,21877.3,21878.05,73,100,0
2025-06-11 07:12:00,21878.1,21880.95,21878.1,21880.7,72,100,0
2025-06-11 07:13:00,21880.5,21883.05,21879.95,21883.05,79,100,0
2025-06-11 07:14:00,21883.2,21884.2,21877.85,21878.05,75,100,0
2025-06-11 07:15:00,21877.95,21889.65,21877.4,21885.15,155,100,0
2025-06-11 07:16:00,21884.85,21885.05,21879.65,21881.0,124,100,0
2025-06-11 07:17:00,21881.1,21884.0,21881.0,21881.9,71,100,0
2025-06-11 07:18:00,21881.75,21883.6,21879.9,21883.6,85,100,0
2025-06-11 07:19:00,21883.75,21888.3,21883.75,21887.4,128,100,0
2025-06-11 07:20:00,21887.45,21888.0,21886.2,21886.6,89,100,0
2025-06-11 07:21:00,21886.45,21886.65,21882.7,21882.7,76,100,0
2025-06-11 07:22:00,21882.7,21882.7,21880.5,21881.15,72,100,0
2025-06-11 07:23:00,21881.15,21881.9,21880.7,21880.7,43,100,0
2025-06-11 07:24:00,21880.7,21880.8,21879.25,21879.35,60,100,0
2025-06-11 07:25:00,21879.2,21880.9,21879.2,21880.55,74,100,0
2025-06-11 07:26:00,21880.75,21881.0,21880.05,21880.35,91,100,0
2025-06-11 07:27:00,21879.9,21879.9,21877.35,21877.35,80,105,0
2025-06-11 07:28:00,21877.0,21877.0,21871.4,21871.4,157,100,0
2025-06-11 07:29:00,21871.5,21872.25,21869.9,21870.9,108,105,0
2025-06-11 07:30:00,21870.95,21874.7,21870.95,21873.85,111,105,0
2025-06-11 07:31:00,21873.9,21874.05,21871.5,21871.6,85,100,0
2025-06-11 07:32:00,21871.65,21872.2,21868.9,21869.5,68,100,0
2025-06-11 07:33:00,21869.6,21871.25,21869.5,21870.15,92,100,0
2025-06-11 07:34:00,21870.15,21870.45,21868.8,21869.45,79,100,0
2025-06-11 07:35:00,21868.55,21869.15,21865.85,21866.6,99,100,0
2025-06-11 07:36:00,21866.6,21867.9,21866.6,21867.45,79,100,0
2025-06-11 07:37:00,21867.45,21867.95,21864.55,21867.6,95,100,0
2025-06-11 07:38:00,21867.65,21867.75,21865.3,21866.6,71,100,0
2025-06-11 07:39:00,21866.7,21868.2,21866.6,21867.8,79,100,0
2025-06-11 07:40:00,21867.85,21868.95,21867.4,21868.0,51,100,0
2025-06-11 07:41:00,21868.0,21868.75,21866.7,21867.35,62,105,0
2025-06-11 07:42:00,21867.4,21867.45,21864.65,21866.2,73,100,0
2025-06-11 07:43:00,21865.95,21866.15,21863.55,21864.2,70,100,0
2025-06-11 07:44:00,21864.0,21864.55,21862.5,21863.95,123,100,0
2025-06-11 07:45:00,21864.0,21865.25,21864.0,21865.1,69,100,0
2025-06-11 07:46:00,21865.1,21865.2,21861.75,21864.75,88,100,0
2025-06-11 07:47:00,21864.85,21869.45,21864.85,21868.7,116,105,0
2025-06-11 07:48:00,21868.7,21868.7,21865.65,21867.95,75,100,0
2025-06-11 07:49:00,21867.95,21868.75,21867.05,21867.75,76,100,0
2025-06-11 07:50:00,21867.45,21867.45,21862.85,21862.85,74,100,0
2025-06-11 07:51:00,21863.05,21865.95,21861.55,21865.6,92,100,0
2025-06-11 07:52:00,21865.6,21866.15,21863.75,21864.55,74,100,0
2025-06-11 07:53:00,21864.45,21866.25,21864.2,21865.75,44,105,0
2025-06-11 07:54:00,21865.9,21866.65,21863.2,21863.7,74,105,0
2025-06-11 07:55:00,21863.6,21864.05,21862.05,21862.6,89,100,0
2025-06-11 07:56:00,21862.6,21862.95,21859.55,21862.0,114,105,0
2025-06-11 07:57:00,21862.05,21862.3,21849.95,21850.8,176,100,0
2025-06-11 07:58:00,21850.8,21854.1,21850.7,21852.85,160,100,0
2025-06-11 07:59:00,21852.85,21853.2,21849.2,21852.95,177,100,0
2025-06-11 08:00:00,21853.0,21853.95,21848.9,21852.3,188,100,0
2025-06-11 08:01:00,21852.15,21852.35,21842.55,21845.9,215,105,0
2025-06-11 08:02:00,21845.65,21854.75,21845.65,21853.55,199,100,0
2025-06-11 08:03:00,21853.55,21856.0,21853.4,21854.45,127,100,0
2025-06-11 08:04:00,21854.45,21857.2,21854.0,21856.3,164,100,0
2025-06-11 08:05:00,21856.4,21859.8,21856.25,21859.35,151,100,0
2025-06-11 08:06:00,21859.35,21865.2,21859.2,21863.2,157,100,0
2025-06-11 08:07:00,21863.9,21864.05,21855.35,21857.9,128,100,0
2025-06-11 08:08:00,21857.95,21860.3,21856.45,21859.85,118,100,0
2025-06-11 08:09:00,21859.85,21860.9,21858.2,21858.7,100,100,0
2025-06-11 08:10:00,21858.7,21864.4,21858.7,21861.5,133,100,0
2025-06-11 08:11:00,21861.7,21865.65,21860.6,21865.6,100,100,0
2025-06-11 08:12:00,21865.6,21870.4,21865.15,21868.3,143,100,0
2025-06-11 08:13:00,21868.4,21871.2,21866.95,21868.45,143,100,0
2025-06-11 08:14:00,21868.45,21869.75,21866.1,21869.65,122,100,0
2025-06-11 08:15:00,21869.65,21873.55,21869.1,21873.2,143,105,0
2025-06-11 08:16:00,21873.15,21874.7,21871.4,21872.95,116,100,0
2025-06-11 08:17:00,21873.0,21876.45,21873.0,21874.35,112,100,0
2025-06-11 08:18:00,21874.45,21875.9,21873.4,21873.45,125,100,0
2025-06-11 08:19:00,21873.45,21874.5,21869.4,21870.0,127,100,0
2025-06-11 08:20:00,21869.95,21870.5,21864.65,21866.65,157,100,0
2025-06-11 08:21:00,21866.65,21867.1,21862.05,21862.95,109,100,0
2025-06-11 08:22:00,21862.7,21863.85,21860.0,21860.75,130,100,0
2025-06-11 08:23:00,21861.0,21862.25,21857.25,21857.7,160,105,0
2025-06-11 08:24:00,21857.65,21859.95,21854.05,21858.9,183,100,0
2025-06-11 08:25:00,21858.6,21862.2,21857.05,21861.8,104,100,0
2025-06-11 08:26:00,21861.85,21864.05,21860.45,21861.3,173,100,0
2025-06-11 08:27:00,21861.35,21861.85,21860.3,21860.7,91,100,0
2025-06-11 08:28:00,21860.7,21864.45,21859.45,21864.45,111,100,0
2025-06-11 08:29:00,21864.7,21867.05,21862.55,21865.35,153,100,0
2025-06-11 08:30:00,21865.25,21869.75,21861.0,21861.6,196,105,0
2025-06-11 08:31:00,21861.4,21862.45,21857.15,21860.45,130,100,0
2025-06-11 08:32:00,21860.2,21861.8,21858.9,21861.65,88,105,0
2025-06-11 08:33:00,21861.7,21865.8,21861.3,21863.1,134,100,0
2025-06-11 08:34:00,21863.3,21863.3,21859.65,21859.95,81,100,0
2025-06-11 08:35:00,21859.9,21861.5,21857.7,21861.5,124,100,0
2025-06-11 08:36:00,21861.45,21864.2,21861.05,21862.05,91,100,0
2025-06-11 08:37:00,21862.1,21865.05,21860.45,21864.9,105,100,0
2025-06-11 08:38:00,21864.75,21865.25,21862.7,21864.1,90,100,0
2025-06-11 08:39:00,21863.45,21863.55,21859.85,21861.05,75,100,0
2025-06-11 08:40:00,21860.3,21860.5,21859.0,21859.65,69,100,0
2025-06-11 08:41:00,21859.65,21861.0,21857.7,21857.7,86,100,0
2025-06-11 08:42:00,21857.6,21860.7,21857.6,21860.7,104,105,0
2025-06-11 08:43:00,21860.7,21864.7,21859.5,21864.2,110,100,0
2025-06-11 08:44:00,21864.25,21865.65,21861.9,21863.1,123,100,0
2025-06-11 08:45:00,21863.2,21865.15,21863.05,21865.15,70,100,0
2025-06-11 08:46:00,21863.05,21866.2,21863.05,21865.55,114,100,0
2025-06-11 08:47:00,21864.95,21865.15,21855.1,21859.45,153,100,0
2025-06-11 08:48:00,21859.7,21862.2,21858.0,21861.05,123,100,0
2025-06-11 08:49:00,21860.9,21862.35,21859.95,21860.05,82,105,0
2025-06-11 08:50:00,21860.2,21861.2,21859.0,21860.6,83,105,0
2025-06-11 08:51:00,21860.85,21867.0,21860.2,21864.7,102,100,0
2025-06-11 08:52:00,21864.05,21866.4,21863.95,21865.55,67,100,0
2025-06-11 08:53:00,21865.2,21870.65,21864.7,21869.95,140,100,0
2025-06-11 08:54:00,21869.95,21870.95,21869.4,21869.45,102,105,0
2025-06-11 08:55:00,21869.45,21869.65,21864.5,21866.25,138,100,0
2025-06-11 08:56:00,21866.05,21866.15,21856.0,21856.6,152,105,0
2025-06-11 08:57:00,21856.65,21861.2,21856.45,21857.85,142,100,0
2025-06-11 08:58:00,21857.9,21861.25,21857.4,21861.25,87,105,0
2025-06-11 08:59:00,21861.05,21861.2,21854.7,21857.65,172,105,0
2025-06-11 09:00:00,21857.45,21860.05,21855.35,21858.7,238,105,0
2025-06-11 09:01:00,21858.65,21863.2,21856.55,21860.45,189,100,0
2025-06-11 09:02:00,21860.8,21863.85,21857.95,21861.15,155,105,0
2025-06-11 09:03:00,21860.95,21861.5,21855.9,21856.7,112,100,0
2025-06-11 09:04:00,21856.25,21859.55,21855.9,21858.95,121,100,0
2025-06-11 09:05:00,21858.8,21858.85,21854.3,21855.25,125,100,0
2025-06-11 09:06:00,21852.15,21859.5,21850.55,21857.9,170,105,0
2025-06-11 09:07:00,21857.75,21860.5,21855.5,21859.2,112,100,0
2025-06-11 09:08:00,21859.2,21861.8,21857.85,21859.05,126,100,0
2025-06-11 09:09:00,21859.05,21859.3,21857.45,21858.6,107,100,0
2025-06-11 09:10:00,21858.6,21860.45,21856.6,21859.7,126,100,0
2025-06-11 09:11:00,21859.85,21864.65,21858.6,21861.35,150,105,0
2025-06-11 09:12:00,21861.35,21863.15,21858.1,21859.3,141,100,0
2025-06-11 09:13:00,21859.05,21863.0,21859.05,21862.9,80,100,0
2025-06-11 09:14:00,21862.05,21863.35,21860.65,21861.15,153,100,0
2025-06-11 09:15:00,21860.65,21860.65,21857.2,21860.05,135,100,0
2025-06-11 09:16:00,21860.05,21866.85,21859.9,21864.75,177,100,0
2025-06-11 09:17:00,21864.85,21868.05,21861.0,21861.65,185,100,0
2025-06-11 09:18:00,21861.65,21866.35,21860.55,21863.55,146,100,0
2025-06-11 09:19:00,21863.6,21868.05,21862.7,21868.05,136,100,0
2025-06-11 09:20:00,21868.05,21873.15,21866.9,21873.05,146,100,0
2025-06-11 09:21:00,21873.15,21879.3,21872.25,21878.7,163,105,0
2025-06-11 09:22:00,21878.7,21880.55,21877.9,21879.2,184,100,0
2025-06-11 09:23:00,21879.0,21880.7,21876.9,21878.95,164,100,0
2025-06-11 09:24:00,21878.8,21878.95,21876.0,21876.95,122,100,0
2025-06-11 09:25:00,21876.95,21880.25,21873.35,21878.15,184,100,0
2025-06-11 09:26:00,21878.15,21880.65,21876.9,21877.45,152,105,0
2025-06-11 09:27:00,21877.45,21880.1,21877.35,21879.7,150,100,0
2025-06-11 09:28:00,21879.9,21881.4,21878.95,21880.4,136,100,0
2025-06-11 09:29:00,21880.45,21882.0,21875.9,21877.65,186,100,0
2025-06-11 09:30:00,21877.7,21877.95,21870.25,21870.35,215,105,0
2025-06-11 09:31:00,21870.45,21870.95,21861.85,21862.65,194,100,0
2025-06-11 09:32:00,21862.6,21868.85,21861.15,21867.7,191,100,0
2025-06-11 09:33:00,21867.5,21869.3,21865.15,21868.95,129,105,0
2025-06-11 09:34:00,21869.2,21869.2,21862.05,21863.15,141,100,0
2025-06-11 09:35:00,21863.15,21865.65,21860.6,21862.15,164,105,0
2025-06-11 09:36:00,21862.55,21868.7,21862.55,21868.6,131,105,0
2025-06-11 09:37:00,21868.65,21868.8,21863.65,21866.0,106,100,0
2025-06-11 09:38:00,21866.15,21866.25,21864.4,21866.25,69,100,0
2025-06-11 09:39:00,21867.05,21867.45,21864.75,21867.1,92,100,0
2025-06-11 09:40:00,21866.95,21867.2,21862.65,21865.05,96,100,0
2025-06-11 09:41:00,21865.2,21868.3,21864.15,21867.45,121,100,0
2025-06-11 09:42:00,21867.65,21878.75,21867.65,21878.65,188,100,0
2025-06-11 09:43:00,21878.95,21879.7,21876.0,21876.55,156,100,0
2025-06-11 09:44:00,21876.55,21878.0,21872.05,21872.3,138,100,0
2025-06-11 09:45:00,21872.3,21876.1,21871.8,21872.9,107,100,0
2025-06-11 09:46:00,21872.9,21873.35,21869.3,21869.65,89,100,0
2025-06-11 09:47:00,21869.2,21874.8,21868.35,21869.75,129,105,0
2025-06-11 09:48:00,21870.6,21871.45,21864.65,21864.95,129,100,0
2025-06-11 09:49:00,21866.5,21872.65,21866.35,21871.35,144,100,0
2025-06-11 09:50:00,21871.2,21874.25,21869.05,21873.6,114,100,0
2025-06-11 09:51:00,21873.65,21875.45,21872.25,21873.85,97,100,0
2025-06-11 09:52:00,21873.6,21874.3,21870.4,21871.55,120,100,0
2025-06-11 09:53:00,21871.4,21874.95,21871.4,21873.5,95,100,0
2025-06-11 09:54:00,21873.4,21878.65,21873.4,21875.6,112,100,0
2025-06-11 09:55:00,21875.6,21877.55,21875.25,21876.2,119,100,0
2025-06-11 09:56:00,21875.15,21875.65,21872.2,21873.7,107,105,0
2025-06-11 09:57:00,21873.6,21876.15,21872.55,21875.45,89,100,0
2025-06-11 09:58:00,21875.5,21877.7,21872.35,21873.3,133,100,0
2025-06-11 09:59:00,21873.0,21875.05,21871.65,21872.4,180,100,0
2025-06-11 10:00:00,21872.4,21877.9,21870.45,21877.75,395,105,0
2025-06-11 10:01:00,21877.5,21879.7,21874.55,21879.15,303,105,0
2025-06-11 10:02:00,21879.15,21879.85,21875.55,21877.5,294,105,0
2025-06-11 10:03:00,21877.6,21880.75,21875.7,21879.35,212,100,0
2025-06-11 10:04:00,21879.3,21882.95,21877.95,21882.0,241,100,0
2025-06-11 10:05:00,21881.75,21890.85,21878.35,21883.15,333,100,0
2025-06-11 10:06:00,21882.45,21882.95,21878.9,21881.95,235,100,0
2025-06-11 10:07:00,21881.45,21885.2,21876.2,21876.2,248,100,0
2025-06-11 10:08:00,21876.2,21882.2,21875.05,21875.9,240,100,0
2025-06-11 10:09:00,21875.6,21875.6,21870.5,21871.1,262,100,0
2025-06-11 10:10:00,21870.95,21878.45,21869.15,21874.9,251,105,0
2025-06-11 10:11:00,21875.2,21886.2,21875.0,21879.15,270,100,0
2025-06-11 10:12:00,21878.7,21884.65,21878.6,21881.95,231,105,0
2025-06-11 10:13:00,21881.95,21884.65,21879.25,21882.4,228,100,0
2025-06-11 10:14:00,21882.3,21884.85,21881.7,21882.35,196,100,0
2025-06-11 10:15:00,21882.35,21884.45,21879.95,21883.1,240,100,0
2025-06-11 10:16:00,21882.85,21882.85,21875.55,21879.8,196,105,0
2025-06-11 10:17:00,21879.9,21889.2,21877.3,21886.2,232,105,0
2025-06-11 10:18:00,21886.15,21886.45,21882.2,21885.45,175,100,0
2025-06-11 10:19:00,21885.25,21885.75,21881.4,21883.2,178,105,0
2025-06-11 10:20:00,21883.25,21885.95,21880.6,21883.9,177,100,0
2025-06-11 10:21:00,21883.9,21887.75,21882.0,21885.15,175,100,0
2025-06-11 10:22:00,21884.55,21891.5,21883.55,21888.95,192,100,0
2025-06-11 10:23:00,21889.15,21890.15,21883.75,21886.85,211,100,0
2025-06-11 10:24:00,21886.85,21890.0,21886.05,21889.85,177,100,0
2025-06-11 10:25:00,21889.95,21890.2,21878.55,21884.1,280,100,0
2025-06-11 10:26:00,21883.55,21885.35,21876.95,21876.95,254,100,0
2025-06-11 10:27:00,21877.0,21880.85,21874.95,21880.4,188,100,0
2025-06-11 10:28:00,21880.4,21880.5,21877.85,21879.7,154,100,0
2025-06-11 10:29:00,21879.25,21879.35,21874.25,21876.55,193,100,0
2025-06-11 10:30:00,21876.65,21882.2,21875.6,21876.3,211,105,0
2025-06-11 10:31:00,21876.8,21879.9,21875.8,21878.45,205,105,0
2025-06-11 10:32:00,21878.45,21880.4,21877.55,21878.45,168,100,0
2025-06-11 10:33:00,21878.7,21880.35,21876.25,21876.5,161,100,0
2025-06-11 10:34:00,21876.5,21876.85,21869.0,21872.75,263,105,0
2025-06-11 10:35:00,21872.95,21881.45,21871.7,21879.7,273,100,0
2025-06-11 10:36:00,21879.5,21887.7,21878.4,21887.2,215,100,0
2025-06-11 10:37:00,21887.2,21888.0,21885.7,21887.9,188,100,0
2025-06-11 10:38:00,21887.9,21890.9,21886.95,21888.2,184,100,0
2025-06-11 10:39:00,21887.7,21888.35,21884.4,21884.7,168,100,0
2025-06-11 10:40:00,21884.7,21887.15,21883.7,21886.95,151,100,0
2025-06-11 10:41:00,21886.95,21888.2,21885.05,21886.4,131,100,0
2025-06-11 10:42:00,21886.95,21889.1,21886.35,21888.4,136,100,0
2025-06-11 10:43:00,21888.55,21890.45,21884.9,21887.25,142,105,0
2025-06-11 10:44:00,21887.4,21889.05,21885.7,21888.65,137,100,0
2025-06-11 10:45:00,21888.7,21893.15,21888.5,21890.55,203,105,0
2025-06-11 10:46:00,21890.55,21892.3,21888.55,21892.3,140,105,0
2025-06-11 10:47:00,21892.4,21892.65,21888.55,21889.8,163,100,0
2025-06-11 10:48:00,21889.5,21898.8,21889.0,21897.1,201,100,0
2025-06-11 10:49:00,21897.1,21900.55,21896.05,21900.45,197,100,0
2025-06-11 10:50:00,21900.75,21901.8,21898.55,21899.15,175,100,0
2025-06-11 10:51:00,21899.05,21902.05,21898.3,21901.55,143,100,0
2025-06-11 10:52:00,21900.8,21902.5,21900.55,21902.05,149,100,0
2025-06-11 10:53:00,21902.3,21905.5,21902.3,21903.4,182,100,0
2025-06-11 10:54:00,21903.4,21907.4,21903.4,21905.8,148,100,0
2025-06-11 10:55:00,21905.8,21908.0,21903.95,21908.0,177,100,0
2025-06-11 10:56:00,21907.9,21908.95,21904.95,21905.7,179,100,0
2025-06-11 10:57:00,21905.7,21910.1,21904.85,21906.65,185,100,0
2025-06-11 10:58:00,21906.9,21909.65,21903.7,21908.95,184,100,0
2025-06-11 10:59:00,21909.05,21910.95,21904.95,21905.05,177,100,0
2025-06-11 11:00:00,21904.85,21907.65,21902.6,21907.15,277,100,0
2025-06-11 11:01:00,21906.95,21910.9,21904.9,21908.4,268,100,0
2025-06-11 11:02:00,21908.4,21913.0,21907.9,21910.4,240,100,0
2025-06-11 11:03:00,21910.25,21913.4,21908.6,21912.4,175,100,0
2025-06-11 11:04:00,21913.0,21917.0,21911.05,21912.45,233,100,0
2025-06-11 11:05:00,21912.45,21914.5,21908.9,21910.75,230,100,0
2025-06-11 11:06:00,21910.8,21911.05,21901.35,21904.4,210,100,0
2025-06-11 11:07:00,21904.4,21906.65,21899.6,21905.9,217,100,0
2025-06-11 11:08:00,21905.9,21906.4,21896.9,21897.7,225,100,0
2025-06-11 11:09:00,21897.45,21901.3,21897.35,21899.3,208,100,0
2025-06-11 11:10:00,21899.4,21904.7,21896.05,21904.65,232,100,0
2025-06-11 11:11:00,21904.65,21904.95,21900.55,21904.15,184,105,0
2025-06-11 11:12:00,21904.15,21904.7,21901.7,21904.15,164,105,0
2025-06-11 11:13:00,21904.35,21907.25,21903.1,21905.65,190,105,0
2025-06-11 11:14:00,21905.45,21908.65,21905.45,21908.05,147,100,0
2025-06-11 11:15:00,21907.9,21913.15,21907.55,21912.6,176,100,0
2025-06-11 11:16:00,21912.7,21913.95,21910.05,21910.05,197,105,0
2025-06-11 11:17:00,21910.05,21910.55,21904.1,21904.2,183,100,0
2025-06-11 11:18:00,21904.1,21909.5,21904.1,21908.4,155,105,0
2025-06-11 11:19:00,21908.2,21909.75,21905.05,21906.2,153,100,0
2025-06-11 11:20:00,21906.35,21907.75,21904.3,21906.15,158,105,0
2025-06-11 11:21:00,21906.15,21909.0,21903.05,21908.2,169,100,0
2025-06-11 11:22:00,21908.2,21913.55,21908.2,21910.05,162,100,0
2025-06-11 11:23:00,21910.15,21910.15,21905.35,21907.55,128,100,0
2025-06-11 11:24:00,21907.95,21908.9,21906.0,21907.7,175,100,0
2025-06-11 11:25:00,21907.65,21912.6,21907.65,21912.45,137,100,0
2025-06-11 11:26:00,21912.2,21913.45,21908.6,21909.2,137,105,0
2025-06-11 11:27:00,21909.2,21911.2,21908.6,21908.7,111,105,0
2025-06-11 11:28:00,21908.05,21910.5,21906.0,21907.0,99,100,0
2025-06-11 11:29:00,21906.6,21907.7,21904.05,21906.35,133,105,0
2025-06-11 11:30:00,21906.0,21907.9,21904.5,21906.8,143,100,0
2025-06-11 11:31:00,21906.85,21906.95,21903.7,21905.45,168,100,0
2025-06-11 11:32:00,21905.55,21918.75,21904.45,21917.65,202,100,0
2025-06-11 11:33:00,21917.75,21921.7,21912.7,21920.85,200,105,0
2025-06-11 11:34:00,21920.85,21927.95,21920.55,21927.45,222,100,0
2025-06-11 11:35:00,21927.4,21929.2,21926.4,21929.2,198,100,0
2025-06-11 11:36:00,21928.55,21928.95,21924.55,21926.15,206,105,0
2025-06-11 11:37:00,21926.15,21934.4,21925.95,21932.7,256,100,0
2025-06-11 11:38:00,21932.7,21933.9,21930.75,21932.25,195,105,0
2025-06-11 11:39:00,21932.25,21932.45,21929.45,21930.5,144,100,0
2025-06-11 11:40:00,21930.5,21930.9,21927.35,21928.7,129,100,0
2025-06-11 11:41:00,21928.15,21930.15,21927.3,21927.85,151,100,0
2025-06-11 11:42:00,21927.85,21927.85,21919.45,21919.6,197,105,0
2025-06-11 11:43:00,21919.65,21921.2,21916.0,21919.5,151,100,0
2025-06-11 11:44:00,21919.4,21919.55,21915.75,21915.9,118,100,0
2025-06-11 11:45:00,21915.8,21916.0,21914.15,21914.8,130,100,0
2025-06-11 11:46:00,21914.75,21917.95,21914.6,21917.7,146,100,0
2025-06-11 11:47:00,21917.7,21920.85,21914.9,21916.1,140,105,0
2025-06-11 11:48:00,21916.1,21918.95,21916.1,21918.5,126,100,0
2025-06-11 11:49:00,21919.3,21919.35,21916.35,21918.2,90,100,0
2025-06-11 11:50:00,21918.1,21918.4,21916.4,21916.75,91,100,0
2025-06-11 11:51:00,21916.8,21918.7,21914.2,21918.3,106,100,0
2025-06-11 11:52:00,21918.4,21921.3,21917.9,21920.45,130,100,0
2025-06-11 11:53:00,21920.4,21922.0,21920.35,21921.9,71,100,0
2025-06-11 11:54:00,21921.95,21927.75,21921.0,21923.9,124,100,0
2025-06-11 11:55:00,21923.75,21923.95,21920.6,21921.15,102,100,0
2025-06-11 11:56:00,21921.15,21921.35,21917.5,21918.5,108,100,0
2025-06-11 11:57:00,21918.55,21921.95,21918.05,21919.6,129,105,0
2025-06-11 11:58:00,21919.55,21919.55,21918.2,21918.9,86,100,0
2025-06-11 11:59:00,21918.75,21919.1,21917.0,21919.1,117,105,0
2025-06-11 12:00:00,21918.9,21921.2,21917.7,21919.45,132,100,0
2025-06-11 12:01:00,21919.35,21925.2,21917.0,21922.85,181,100,0
2025-06-11 12:02:00,21922.85,21923.8,21919.55,21920.5,142,100,0
2025-06-11 12:03:00,21920.6,21921.45,21917.75,21918.65,116,100,0
2025-06-11 12:04:00,21918.65,21918.85,21908.9,21914.6,292,100,0
2025-06-11 12:05:00,21914.6,21916.5,21911.3,21913.85,206,105,0
2025-06-11 12:06:00,21913.95,21916.65,21911.95,21912.95,143,105,0
2025-06-11 12:07:00,21913.0,21920.95,21913.0,21919.7,181,105,0
2025-06-11 12:08:00,21919.65,21920.7,21914.9,21915.15,148,105,0
2025-06-11 12:09:00,21914.55,21916.45,21910.85,21915.7,175,105,0
2025-06-11 12:10:00,21915.75,21916.0,21913.9,21913.95,88,100,0
2025-06-11 12:11:00,21913.95,21914.25,21910.8,21912.95,139,100,0
2025-06-11 12:12:00,21913.0,21916.7,21913.0,21914.9,111,100,0
2025-06-11 12:13:00,21915.1,21916.95,21911.55,21912.1,153,100,0
2025-06-11 12:14:00,21912.0,21913.7,21910.1,21910.2,123,100,0
2025-06-11 12:15:00,21910.0,21913.7,21909.2,21912.1,140,100,0
2025-06-11 12:16:00,21912.0,21915.05,21910.7,21912.9,104,105,0
2025-06-11 12:17:00,21912.7,21914.05,21910.7,21913.75,103,100,0
2025-06-11 12:18:00,21913.75,21913.95,21910.85,21911.45,113,100,0
2025-06-11 12:19:00,21911.4,21914.4,21910.95,21913.95,115,100,0
2025-06-11 12:20:00,21913.45,21914.15,21911.95,21913.1,124,105,0
2025-06-11 12:21:00,21913.0,21913.9,21909.65,21910.7,102,100,0
2025-06-11 12:22:00,21910.7,21915.7,21910.7,21914.65,138,105,0
2025-06-11 12:23:00,21914.7,21914.8,21912.0,21913.5,69,100,0
2025-06-11 12:24:00,21913.4,21916.2,21913.15,21916.05,104,100,0
2025-06-11 12:25:00,21915.95,21916.7,21912.7,21912.75,120,100,0
2025-06-11 12:26:00,21912.75,21914.7,21912.7,21914.25,83,105,0
2025-06-11 12:27:00,21913.9,21918.7,21913.65,21918.1,124,100,0
2025-06-11 12:28:00,21918.0,21918.45,21911.2,21912.05,180,100,0
2025-06-11 12:29:00,21912.05,21916.9,21912.05,21916.85,134,100,0
2025-06-11 12:30:00,21916.75,21918.35,21915.45,21915.55,157,105,0
2025-06-11 12:31:00,21915.65,21916.95,21914.55,21915.7,137,105,0
2025-06-11 12:32:00,21915.45,21920.25,21915.45,21918.8,167,100,0
2025-06-11 12:33:00,21918.95,21919.7,21910.7,21912.05,153,105,0
2025-06-11 12:34:00,21912.0,21913.85,21909.05,21909.7,140,100,0
2025-06-11 12:35:00,21909.7,21911.45,21908.3,21908.95,146,100,0
2025-06-11 12:36:00,21908.75,21910.65,21908.35,21909.95,127,100,0
2025-06-11 12:37:00,21910.0,21910.15,21905.35,21907.0,149,100,0
2025-06-11 12:38:00,21906.7,21909.2,21906.0,21907.45,130,100,0
2025-06-11 12:39:00,21907.6,21907.9,21905.05,21905.3,110,100,0
2025-06-11 12:40:00,21905.4,21907.95,21904.6,21905.4,129,100,0
2025-06-11 12:41:00,21905.4,21905.55,21904.0,21904.1,97,100,0
2025-06-11 12:42:00,21903.85,21904.2,21900.15,21901.2,172,100,0
2025-06-11 12:43:00,21900.85,21904.15,21899.45,21904.15,152,100,0
2025-06-11 12:44:00,21904.35,21904.75,21903.4,21904.1,93,100,0
2025-06-11 12:45:00,21903.95,21906.55,21903.7,21904.1,129,105,0
2025-06-11 12:46:00,21904.2,21904.4,21901.75,21901.75,90,105,0
2025-06-11 12:47:00,21900.95,21903.2,21900.6,21902.85,101,105,0
2025-06-11 12:48:00,21902.75,21904.2,21902.0,21902.0,97,100,0
2025-06-11 12:49:00,21902.05,21902.65,21899.35,21899.45,161,105,0
2025-06-11 12:50:00,21899.4,21900.9,21899.05,21899.55,134,105,0
2025-06-11 12:51:00,21899.6,21900.35,21894.15,21894.75,180,100,0
2025-06-11 12:52:00,21894.75,21896.75,21893.85,21894.45,159,100,0
2025-06-11 12:53:00,21894.55,21896.1,21894.0,21895.7,112,105,0
2025-06-11 12:54:00,21895.7,21898.4,21895.35,21897.2,123,100,0
2025-06-11 12:55:00,21897.4,21899.0,21897.2,21898.45,88,100,0
2025-06-11 12:56:00,21898.5,21898.7,21895.7,21896.15,76,105,0
2025-06-11 12:57:00,21896.15,21896.5,21894.2,21895.0,94,100,0
2025-06-11 12:58:00,21895.0,21895.45,21891.45,21891.85,160,100,0
2025-06-11 12:59:00,21891.75,21894.6,21891.05,21893.0,133,100,0
2025-06-11 13:00:00,21893.0,21896.35,21892.95,21893.8,145,105,0
2025-06-11 13:01:00,21893.75,21895.45,21889.85,21890.35,145,100,0
2025-06-11 13:02:00,21890.15,21892.0,21885.4,21889.2,216,100,0
2025-06-11 13:03:00,21889.2,21902.2,21889.2,21902.2,222,105,0
2025-06-11 13:04:00,21902.25,21903.25,21900.95,21901.4,177,105,0
2025-06-11 13:05:00,21901.1,21905.9,21899.65,21905.7,187,100,0
2025-06-11 13:06:00,21905.75,21908.25,21905.45,21906.4,159,100,0
2025-06-11 13:07:00,21906.6,21907.9,21901.15,21901.4,110,105,0
2025-06-11 13:08:00,21901.45,21905.75,21900.8,21905.2,155,100,0
2025-06-11 13:09:00,21905.35,21907.3,21905.1,21907.15,121,100,0
2025-06-11 13:10:00,21907.2,21908.85,21906.95,21908.75,96,100,0
2025-06-11 13:11:00,21908.75,21909.2,21903.25,21905.45,139,105,0
2025-06-11 13:12:00,21905.45,21908.2,21904.9,21906.25,108,105,0
2025-06-11 13:13:00,21906.25,21907.65,21905.45,21907.35,102,105,0
2025-06-11 13:14:00,21907.4,21910.8,21907.05,21909.7,119,100,0
2025-06-11 13:15:00,21909.7,21910.4,21904.65,21906.0,97,100,0
2025-06-11 13:16:00,21906.0,21907.35,21904.55,21906.7,90,100,0
2025-06-11 13:17:00,21906.3,21906.65,21904.95,21906.6,46,105,0
2025-06-11 13:18:00,21906.25,21911.55,21906.15,21908.75,115,105,0
2025-06-11 13:19:00,21908.8,21909.0,21904.0,21904.15,107,105,0
2025-06-11 13:20:00,21904.1,21906.45,21902.95,21903.2,117,100,0
2025-06-11 13:21:00,21902.95,21903.7,21901.95,21902.95,103,100,0
2025-06-11 13:22:00,21902.95,21903.75,21901.6,21901.75,111,105,0
2025-06-11 13:23:00,21901.85,21903.3,21900.05,21901.15,117,105,0
2025-06-11 13:24:00,21901.15,21901.45,21898.9,21899.5,131,100,0
2025-06-11 13:25:00,21899.6,21902.05,21898.85,21900.3,119,100,0
2025-06-11 13:26:00,21900.85,21901.7,21898.45,21900.0,106,105,0
2025-06-11 13:27:00,21900.0,21903.1,21899.5,21901.4,121,100,0
2025-06-11 13:28:00,21901.45,21907.9,21900.7,21906.75,134,105,0
2025-06-11 13:29:00,21906.85,21910.2,21906.85,21908.25,151,100,0
2025-06-11 13:30:00,21908.4,21908.85,21904.6,21905.4,132,105,0
2025-06-11 13:31:00,21905.4,21908.6,21905.35,21906.65,128,100,0
2025-06-11 13:32:00,21906.45,21906.45,21904.25,21906.25,106,105,0
2025-06-11 13:33:00,21906.15,21906.2,21902.65,21902.95,103,100,0
2025-06-11 13:34:00,21902.85,21906.2,21902.1,21903.7,95,105,0
2025-06-11 13:35:00,21903.65,21906.05,21902.7,21905.35,85,100,0
2025-06-11 13:36:00,21905.05,21906.0,21904.4,21904.45,64,105,0
2025-06-11 13:37:00,21904.4,21905.65,21902.45,21905.4,111,105,0
2025-06-11 13:38:00,21905.35,21906.35,21903.4,21904.7,117,100,0
2025-06-11 13:39:00,21904.45,21904.85,21902.7,21903.2,91,100,0
2025-06-11 13:40:00,21903.4,21904.45,21901.6,21901.6,69,105,0
2025-06-11 13:41:00,21901.65,21903.85,21899.95,21901.85,98,100,0
2025-06-11 13:42:00,21901.7,21904.25,21901.15,21903.9,88,100,0
2025-06-11 13:43:00,21903.85,21907.95,21903.2,21903.55,102,100,0
2025-06-11 13:44:00,21904.2,21910.95,21894.05,21910.5,312,65,0
2025-06-11 13:45:00,21910.55,21913.75,21908.0,21908.15,212,100,0
2025-06-11 13:46:00,21907.9,21909.45,21907.9,21909.25,107,105,0
2025-06-11 13:47:00,21909.1,21913.25,21908.15,21911.75,106,100,0
2025-06-11 13:48:00,21911.6,21915.2,21911.0,21913.7,176,105,0
2025-06-11 13:49:00,21913.7,21914.25,21910.25,21912.15,134,100,0
2025-06-11 13:50:00,21912.15,21912.15,21906.45,21906.5,135,100,0
2025-06-11 13:51:00,21906.7,21906.7,21901.85,21903.45,188,100,0
2025-06-11 13:52:00,21903.2,21907.2,21902.55,21906.7,134,100,0
2025-06-11 13:53:00,21906.6,21907.25,21904.55,21906.35,112,100,0
2025-06-11 13:54:00,21906.75,21910.05,21906.45,21910.0,173,105,0
2025-06-11 13:55:00,21909.9,21910.55,21903.8,21906.75,164,100,0
